{
    "snr_db": -7.587961931875407,
    "snr_class": "Unreliable",
    "latency": {
        "processing_latency": 2.733680009841919,
        "network_latency": 0.0,
        "total_latency": 2.733680009841919
    },
    "peaq_score": 5.892845192104695,
    "mos": {
        "clarity": 0,
        "noise_reduction": 0,
        "level_matching": 0,
        "mos_average": 0.0
    },
    "audio_info": {
        "sample_rate": 16000,
        "duration_seconds": 157.84925,
        "audio_length_samples": 2525588
    }
}